<application>
  <component name="ActionMacroManager">
    <macro name="add article label">
      <action id="EditorEnter" />
      <action id="EditorTab" />
      <action id="EditorTab" />
      <typing text-keycode="83:0;80:0;65:0;78:0;46:0;65:0;82:0;84:0;73:0;67:0;76:0;69:0;0:1;76:0;65:0;66:0;69:0;76:0;32:0">span.article_label&amp;#x20;</typing>
      <action id="EditorRight" />
      <action id="EditorRight" />
      <action id="EditorRight" />
      <action id="EditorRight" />
      <action id="EditorEnter" />
      <typing text-keycode="0:1;32:0">|&amp;#x20;</typing>
    </macro>
  </component>
</application>