<application>
  <component name="ApplicationTasksOptions">
    <TaskOptions isEnabled="true">
      <option name="arguments" value="$FileName$" />
      <option name="checkSyntaxErrors" value="true" />
      <option name="description" />
      <option name="exitCodeBehavior" value="ERROR" />
      <option name="fileExtension" value="styl" />
      <option name="immediateSync" value="true" />
      <option name="name" value="Stylus" />
      <option name="output" value="$FileNameWithoutExtension$.css" />
      <option name="outputFilters">
        <array>
          <FilterInfo>
            <option name="description" value="" />
            <option name="name" value="" />
            <option name="regExp" value="" />
          </FilterInfo>
        </array>
      </option>
      <option name="outputFromStdout" value="false" />
      <option name="program" value="/usr/local/bin/stylus" />
      <option name="scopeName" value="Project Files" />
      <option name="trackOnlyRoot" value="true" />
      <option name="workingDir" value="$FileDir$" />
      <envs />
    </TaskOptions>
    <TaskOptions isEnabled="true">
      <option name="arguments" value="--no-cache --update $FileName$:$FileNameWithoutExtension$.css" />
      <option name="checkSyntaxErrors" value="true" />
      <option name="description" value="Compiles .scss files into .css files" />
      <option name="exitCodeBehavior" value="ERROR" />
      <option name="fileExtension" value="scss" />
      <option name="immediateSync" value="true" />
      <option name="name" value="SCSS" />
      <option name="output" value="$FileNameWithoutExtension$.css:$FileNameWithoutExtension$.css.map" />
      <option name="outputFilters">
        <array />
      </option>
      <option name="outputFromStdout" value="false" />
      <option name="program" value="/usr/local/bin/scss" />
      <option name="scopeName" value="Project Files" />
      <option name="trackOnlyRoot" value="true" />
      <option name="workingDir" value="$FileDir$" />
      <envs />
    </TaskOptions>
    <TaskOptions isEnabled="true">
      <option name="arguments" value="--map --map --map --compile $FileName$" />
      <option name="checkSyntaxErrors" value="true" />
      <option name="description" value="Compiles .coffee files into .js files" />
      <option name="exitCodeBehavior" value="ERROR" />
      <option name="fileExtension" value="coffee" />
      <option name="immediateSync" value="true" />
      <option name="name" value="CoffeeScript" />
      <option name="output" value="$FileNameWithoutExtension$.js:$FileNameWithoutExtension$.map:$FileNameWithoutExtension$.js.map:$FileNameWithoutExtension$.map:$FileNameWithoutExtension$.js.map:$FileNameWithoutExtension$.map:$FileNameWithoutExtension$.js.map" />
      <option name="outputFilters">
        <array>
          <FilterInfo>
            <option name="description" value="coffee error format" />
            <option name="name" value="coffee" />
            <option name="regExp" value="$FILE_PATH$:$LINE$:$COLUMN$: $MESSAGE$$" />
          </FilterInfo>
        </array>
      </option>
      <option name="outputFromStdout" value="false" />
      <option name="program" value="/usr/local/bin/coffee" />
      <option name="scopeName" value="Project Files" />
      <option name="trackOnlyRoot" value="true" />
      <option name="workingDir" value="$FileDir$" />
      <envs />
    </TaskOptions>
    <TaskOptions isEnabled="true">
      <option name="arguments" value="$FilePathRelativeToProjectRoot$ --out-dir dist --source-maps --presets env" />
      <option name="checkSyntaxErrors" value="true" />
      <option name="description" />
      <option name="exitCodeBehavior" value="ERROR" />
      <option name="fileExtension" value="js" />
      <option name="immediateSync" value="true" />
      <option name="name" value="Babel" />
      <option name="output" value="dist/$FileDirRelativeToProjectRoot$/$FileNameWithoutExtension$.js:dist/$FileDirRelativeToProjectRoot$/$FileNameWithoutExtension$.js.map" />
      <option name="outputFilters">
        <array>
          <FilterInfo>
            <option name="description" value="" />
            <option name="name" value="" />
            <option name="regExp" value="" />
          </FilterInfo>
        </array>
      </option>
      <option name="outputFromStdout" value="false" />
      <option name="program" value="$USER_HOME$/BlueKeel/madlibs/node_modules/babel-cli/bin/babel.js" />
      <option name="scopeName" value="Project Files" />
      <option name="trackOnlyRoot" value="false" />
      <option name="workingDir" value="$ContentRoot$" />
      <envs />
    </TaskOptions>
  </component>
</application>