<keymap version="1" name="Mac OS X 10.5+ copy" parent="Mac OS X 10.5+">
  <action id="Annotate">
    <keyboard-shortcut first-keystroke="shift meta a" />
  </action>
  <action id="FindPrevious" />
  <action id="Git.ResolveConflicts">
    <keyboard-shortcut first-keystroke="shift ctrl r" />
  </action>
  <action id="GotoAction" />
  <action id="MoveLineDown">
    <keyboard-shortcut first-keystroke="shift meta down" />
  </action>
  <action id="MoveLineUp">
    <keyboard-shortcut first-keystroke="shift meta up" />
  </action>
  <action id="MoveStatementDown">
    <keyboard-shortcut first-keystroke="shift alt down" />
  </action>
  <action id="MoveStatementUp">
    <keyboard-shortcut first-keystroke="shift alt up" />
  </action>
  <action id="RenameElement">
    <keyboard-shortcut first-keystroke="shift f6" />
    <keyboard-shortcut first-keystroke="ctrl r" />
  </action>
  <action id="ResizeToolWindowDown" />
  <action id="ResizeToolWindowUp" />
  <action id="Run" />
  <action id="RunClass" />
  <action id="ShowColorPicker">
    <keyboard-shortcut first-keystroke="shift ctrl c" />
  </action>
  <action id="ShowGulpTasks">
    <keyboard-shortcut first-keystroke="shift meta g" />
  </action>
  <action id="SwitchApply">
    <keyboard-shortcut first-keystroke="ctrl alt enter" />
  </action>
  <action id="SwitchDown">
    <keyboard-shortcut first-keystroke="ctrl alt down" />
  </action>
  <action id="SwitchLeft">
    <keyboard-shortcut first-keystroke="ctrl alt left" />
  </action>
  <action id="SwitchRight">
    <keyboard-shortcut first-keystroke="ctrl alt right" />
  </action>
  <action id="SwitchUp">
    <keyboard-shortcut first-keystroke="ctrl alt up" />
  </action>
  <action id="Unscramble">
    <keyboard-shortcut first-keystroke="shift ctrl meta a" />
  </action>
</keymap>